utc,ticks_ms,phase,godot_video_mem_mb,godot_texture_mem_mb,godot_buffer_mem_mb,working_set_mb,private_mb,managed_heap_mb
2026-10-05T20:30:11.7142053Z,1449,boot,0.0,0.0,0.0,349.6,316.5,7.5
2026-10-05T20:30:12.0417944Z,1775,browsing,307.7,271.6,6.8,679.0,656.7,9.5
2026-10-05T20:30:13.0456453Z,2779,browsing,312.6,272.5,8.8,706.1,679.6,16.8
2026-10-05T20:30:14.0461567Z,3780,browsing,312.6,272.5,8.8,707.6,680.0,16.8
2026-10-05T20:30:15.0474894Z,4781,browsing,312.6,272.5,8.8,720.0,678.7,16.8
2026-10-05T20:30:16.0496691Z,5783,browsing,312.6,272.5,8.8,709.5,657.6,17.7
2026-10-05T20:30:17.0607557Z,6794,browsing,312.7,272.6,8.8,713.8,664.4,17.7
2026-10-05T20:30:18.0655528Z,7799,browsing,312.7,272.6,8.8,722.2,669.2,17.8
2026-10-05T20:30:19.0838546Z,8817,browsing,312.7,272.6,8.8,709.9,657.1,17.8
2026-10-05T20:30:20.1020752Z,9836,browsing,312.7,272.6,8.8,709.9,657.1,17.8
2026-10-05T20:30:21.1204006Z,10854,browsing,312.7,272.6,8.8,709.9,657.1,17.8
2026-10-05T20:30:22.1213163Z,11855,browsing,312.7,272.6,8.8,709.9,657.1,17.8
2026-10-05T20:30:23.1380866Z,12872,browsing,312.7,272.6,8.8,700.0,648.2,17.8
2026-10-05T20:30:24.1785886Z,13912,browsing,312.7,272.6,8.8,700.5,648.3,17.9
2026-10-05T20:30:24.2329049Z,13966,running,317.2,273.1,10.8,692.3,639.2,17.9
2026-10-05T20:30:25.2491045Z,14983,running,130.2,86.1,10.8,691.7,637.4,17.9
2026-10-05T20:30:26.3489230Z,16082,running,130.2,86.1,10.8,691.6,637.4,17.9
2026-10-05T20:30:27.3493789Z,17083,running,130.2,86.1,10.8,691.7,637.4,17.9
2026-10-05T20:30:28.3493011Z,18083,running,130.2,86.1,10.8,691.7,637.4,17.9
2026-10-05T20:30:29.4493002Z,19183,running,130.2,86.1,10.8,691.7,637.4,17.9
2026-10-05T20:30:30.5487198Z,20282,running,130.2,86.1,10.8,507.7,453.1,17.9
2026-10-05T20:30:31.5490731Z,21283,running,130.2,86.1,10.8,507.7,453.1,17.9
2026-10-05T20:30:32.5489609Z,22282,running,130.2,86.1,10.8,506.1,452.7,18.0
2026-10-05T20:30:33.5489653Z,23282,running,130.2,86.1,10.8,506.1,452.7,18.0
2026-10-05T20:30:34.5490308Z,24283,running,130.2,86.1,10.8,506.1,452.6,18.0
2026-10-05T20:30:35.5487902Z,25282,running,130.2,86.1,10.8,506.1,452.6,18.0
2026-10-05T20:30:36.5487228Z,26282,running,130.2,86.1,10.8,506.1,452.6,18.0
2026-10-05T20:30:37.5483485Z,27282,running,130.2,86.1,10.8,506.1,452.6,18.0
2026-10-05T20:30:38.5492427Z,28283,running,130.2,86.1,10.8,506.1,452.6,18.0
2026-10-05T20:30:39.5491551Z,29283,running,130.2,86.1,10.8,506.1,452.6,18.0
2026-10-05T20:30:40.6493511Z,30383,running,130.2,86.1,10.8,506.1,452.6,18.0
2026-10-05T20:30:41.7493552Z,31483,running,130.2,86.1,10.8,504.9,450.0,18.0
2026-10-05T20:30:42.8488399Z,32582,running,130.2,86.1,10.8,505.1,449.9,18.0
2026-10-05T20:30:43.8491713Z,33583,running,130.2,86.1,10.8,505.1,449.9,18.0
2026-10-05T20:30:44.9486711Z,34682,running,130.2,86.1,10.8,505.0,449.9,18.0
2026-10-05T20:30:45.9488801Z,35682,running,130.2,86.1,10.8,505.0,449.9,18.0
2026-10-05T20:30:46.9487553Z,36682,running,130.2,86.1,10.8,505.0,449.9,18.0
2026-10-05T20:30:47.9495786Z,37683,running,130.2,86.1,10.8,505.0,449.9,18.0
2026-10-05T20:30:49.0490385Z,38782,running,130.2,86.1,10.8,505.0,449.8,18.0
2026-10-05T20:30:50.0490472Z,39782,running,130.2,86.1,10.8,505.0,449.8,18.0
2026-10-05T20:30:51.0485912Z,40782,running,130.2,86.1,10.8,505.0,449.8,18.1
2026-10-05T20:30:52.0485785Z,41782,running,130.2,86.1,10.8,505.0,449.8,18.1
2026-10-05T20:30:53.0490153Z,42782,running,130.2,86.1,10.8,504.9,449.8,18.1
2026-10-05T20:30:54.0488517Z,43782,running,130.2,86.1,10.8,504.9,449.8,18.1
2026-10-05T20:30:54.4312489Z,44165,returned,130.2,86.1,10.8,697.0,645.2,18.1
2026-10-05T20:30:55.4345469Z,45168,returned,317.2,273.1,10.8,697.6,643.7,18.3
2026-10-05T20:30:56.4381638Z,46172,returned,317.2,273.1,10.8,697.7,643.7,18.3
2026-10-05T20:30:57.4386990Z,47172,returned,317.2,273.1,10.8,697.7,643.7,18.3
2026-10-05T20:30:58.4571816Z,48191,returned,317.2,273.1,10.8,697.7,643.7,18.3
2026-10-05T20:30:59.4592730Z,49193,returned,317.2,273.1,10.8,697.7,643.7,18.3
2026-10-05T20:31:00.4594270Z,50193,returned,317.2,273.1,10.8,697.6,643.6,18.3
2026-10-05T20:31:01.4760800Z,51210,returned,317.2,273.1,10.8,697.6,643.6,18.4
2026-10-05T20:31:02.4776701Z,52211,returned,317.2,273.1,10.8,697.6,643.6,18.4
2026-10-05T20:31:03.4781674Z,53212,returned,317.2,273.1,10.8,697.7,643.6,18.4
2026-10-05T20:31:04.4966190Z,54230,returned,317.2,273.1,10.8,697.8,643.6,18.4
2026-10-05T20:31:05.4976922Z,55231,returned,317.2,273.1,10.8,697.8,643.6,18.4
2026-10-05T20:31:06.4985637Z,56232,returned,317.2,273.1,10.8,697.8,643.6,18.4
2026-10-05T20:31:07.4995712Z,57233,returned,317.2,273.1,10.8,697.8,643.6,18.4
2026-10-05T20:31:08.5176189Z,58251,returned,317.2,273.1,10.8,697.7,643.6,18.4
2026-10-05T20:31:09.5344084Z,59268,returned,317.2,273.1,10.8,697.8,643.6,18.4
2026-10-05T20:31:10.5522221Z,60286,returned,317.2,273.1,10.8,697.7,643.5,18.4
2026-10-05T20:31:11.5537592Z,61287,returned,317.2,273.1,10.8,697.7,643.5,18.4
2026-10-05T20:31:12.5691935Z,62303,returned,317.2,273.1,10.8,699.0,644.8,18.4
2026-10-05T20:31:13.5882473Z,63322,returned,317.2,273.1,10.8,699.0,644.8,18.4
2026-10-05T20:31:14.5920662Z,64326,returned,317.2,273.1,10.8,699.0,644.8,18.4
2026-10-05T20:31:15.6046839Z,65338,returned,317.2,273.1,10.8,699.0,644.8,18.4
2026-10-05T20:31:16.6086352Z,66342,returned,317.2,273.1,10.8,699.0,644.8,18.4
2026-10-05T20:31:17.6091521Z,67343,returned,317.2,273.1,10.8,698.9,644.7,18.4
2026-10-05T20:31:18.6107026Z,68344,returned,317.2,273.1,10.8,698.9,644.7,18.4
2026-10-05T20:31:19.6283150Z,69362,returned,317.2,273.1,10.8,698.9,644.7,18.5
2026-10-05T20:31:20.6297327Z,70363,returned,317.2,273.1,10.8,698.9,644.7,18.5
2026-10-05T20:31:21.6308441Z,71364,returned,317.2,273.1,10.8,698.9,644.7,18.5
2026-10-05T20:31:22.6447270Z,72378,returned,317.2,273.1,10.8,698.9,644.7,18.5
2026-10-05T20:31:23.6457410Z,73379,returned,317.2,273.1,10.8,698.9,644.7,18.5
2026-10-05T20:31:24.6498392Z,74383,returned,317.2,273.1,10.8,696.1,642.7,18.5
2026-10-05T20:31:25.6646429Z,75398,returned,317.2,273.1,10.8,696.1,642.7,18.5
2026-10-05T20:31:26.6685613Z,76402,returned,317.2,273.1,10.8,696.1,642.7,18.5
2026-10-05T20:31:27.6875416Z,77421,returned,317.2,273.1,10.8,696.1,642.7,18.5
2026-10-05T20:31:28.6878109Z,78421,returned,317.2,273.1,10.8,696.1,642.7,18.5
2026-10-05T20:31:29.7044703Z,79438,returned,317.2,273.1,10.8,696.1,642.7,18.5
2026-10-05T20:31:30.7053257Z,80439,returned,317.2,273.1,10.8,696.1,642.7,18.5
2026-10-05T20:31:31.7238009Z,81457,returned,317.2,273.1,10.8,696.1,642.7,18.5
2026-10-05T20:31:31.9091236Z,81643,returned,317.2,273.1,10.8,696.1,642.7,18.5
