utc,dedicated_mb,shared_mb,committed_mb,working_set_mb
2026-10-05T20:32:54.3666179Z,0.0,0.0,0.0,4.1
2026-10-05T20:32:55.3852144Z,93.8,349.1,442.9,656.3
2026-10-05T20:32:57.4141354Z,93.8,349.1,442.9,649.7
2026-10-05T20:32:59.4418723Z,93.8,349.1,442.9,653.0
2026-10-05T20:33:01.4597649Z,93.8,349.1,442.9,654.2
2026-10-05T20:33:03.4730899Z,93.8,349.1,442.9,654.3
2026-10-05T20:33:05.4832020Z,93.8,349.1,442.9,643.5
2026-10-05T20:33:07.5102726Z,93.1,165.1,258.1,612.7
2026-10-05T20:33:09.5244309Z,93.1,165.1,258.1,612.8
2026-10-05T20:33:11.5350692Z,93.1,165.1,258.1,612.8
2026-10-05T20:33:13.5560230Z,93.1,165.1,258.1,428.8
2026-10-05T20:33:15.5715267Z,93.1,165.1,258.1,425.4
2026-10-05T20:33:17.5872105Z,93.1,165.1,258.1,425.8
2026-10-05T20:33:19.6138400Z,93.1,165.1,258.1,425.8
2026-10-05T20:33:21.6281332Z,93.1,165.1,258.1,425.8
2026-10-05T20:33:23.6386915Z,93.1,165.1,258.1,425.8
2026-10-05T20:33:25.6580847Z,93.1,165.1,258.1,426.1
2026-10-05T20:33:27.6736397Z,93.1,165.1,258.1,426.0
2026-10-05T20:33:29.6912901Z,93.1,165.1,258.1,426.0
2026-10-05T20:33:31.7085688Z,93.1,165.1,258.1,426.0
2026-10-05T20:33:33.7245148Z,93.1,165.1,258.1,426.0
2026-10-05T20:33:35.7419948Z,93.1,165.1,258.1,425.9
2026-10-05T20:33:37.7512572Z,93.8,349.1,442.9,620.2
2026-10-05T20:33:39.7593250Z,93.8,349.1,442.9,620.3
2026-10-05T20:33:41.7846139Z,93.8,349.1,442.9,620.3
2026-10-05T20:33:43.7951884Z,93.8,349.1,442.9,620.2
2026-10-05T20:33:45.8120218Z,93.8,349.1,442.9,620.2
2026-10-05T20:33:47.8258777Z,93.8,349.1,442.9,620.3
2026-10-05T20:33:49.8395671Z,93.8,349.1,442.9,620.3
2026-10-05T20:33:51.8561746Z,93.8,349.1,442.9,620.3
2026-10-05T20:33:53.8713567Z,93.8,349.1,442.9,620.3
2026-10-05T20:33:55.8880579Z,93.8,349.1,442.9,621.3
2026-10-05T20:33:57.9003512Z,93.8,349.1,442.9,621.3
2026-10-05T20:33:59.9142268Z,93.8,349.1,442.9,621.3
2026-10-05T20:34:01.9411767Z,93.8,349.1,442.9,621.3
2026-10-05T20:34:03.9612396Z,93.8,349.1,442.9,621.3
2026-10-05T20:34:05.9862557Z,93.8,349.1,442.9,621.3
2026-10-05T20:34:08.0105626Z,93.8,349.1,442.9,618.2
2026-10-05T20:34:10.0234265Z,93.8,349.1,442.9,618.2
2026-10-05T20:34:12.0380217Z,93.8,349.1,442.9,618.2
2026-10-05T20:34:14.0558763Z,93.8,349.1,442.9,618.2
